lon,lat
-77.4714,39.6306
-77.4714,39.6306
-77.4714,39.6306
-77.4714,39.6306
-77.4714,39.6306
-77.4714,39.6306
-77.4714,39.6306
-77.4714,39.6306
-77.4714,39.6306
-77.4714,39.6306
-77.4714,39.6306
-77.4714,39.6306
-77.4714,39.6306
-77.4714,39.6306
-77.4714,39.6306
-77.4714,39.6306
-77.4714,39.6306
-77.4714,39.6306
-77.4714,39.6306
-77.4714,39.6306
-77.4714,39.6306
-77.4714,39.6306
-77.4714,39.6306
-77.4714,39.6306
-77.4714,39.6306
-77.4714,39.6306
-77.4714,39.6306
-77.4714,39.6306
-77.4714,39.6306
-77.4714,39.6306
-77.4714,39.6306
-77.4714,39.6306
-77.4714,39.6306
-77.4714,39.6306
-77.4714,39.6306
-77.4714,39.6306
-77.4714,39.6306
-77.4714,39.6306
-77.4714,39.6306
-77.4714,39.6306
-77.4714,39.6306
-77.4714,39.6306
-77.4714,39.6306
-77.4714,39.6306
-77.4714,39.6306
-77.4714,39.6306
-77.4714,39.6306
-77.4714,39.6306
-77.4714,39.6306
-77.4714,39.6306
-77.4714,39.6306
-77.4714,39.6306
-77.4714,39.6306
-77.4714,39.6306
-77.4714,39.6306
-77.4714,39.6306
-77.4714,39.6306
-77.4714,39.6306
-77.4714,39.6306
-77.4714,39.6306
-77.4714,39.6306
-77.4714,39.6306
-77.4714,39.6306
-77.4714,39.6306
-77.4714,39.6306
-77.4714,39.6306
-77.4714,39.6306
-77.4714,39.6306
-77.4714,39.6306
-77.4714,39.6306
-77.4714,39.6306
-77.4714,39.6306
-77.4714,39.6306
-77.4714,39.6306
-77.4714,39.6306
-77.4714,39.6306
-77.4714,39.6306
-77.4714,39.6306
-77.4714,39.6306
-77.4714,39.6306
-77.4714,39.6306
-77.4714,39.6306
-77.4714,39.6306
-77.4714,39.6306
-77.4714,39.6306
-77.4714,39.6306
-77.4714,39.6306
-77.4714,39.6306
-77.4714,39.6306
-77.4714,39.6306
-77.4714,39.6306
-77.4714,39.6306
-77.4714,39.6306
-77.4714,39.6306
-77.4714,39.6306
-77.4714,39.6306
-77.4714,39.6306
-77.4714,39.6306
-77.4714,39.6306
-77.4714,39.6306
-77.4714,39.6306
-77.4714,39.6306
-77.4714,39.6306
-77.4714,39.6306
-77.4714,39.6306
-77.4714,39.6306
-77.4714,39.6306
-77.4714,39.6306
-77.4714,39.6306
-77.4714,39.6306
-77.4714,39.6306
-77.4714,39.6306
-77.4714,39.6306
-77.4714,39.6306
-77.4714,39.6306
-77.4714,39.6306
-77.4714,39.6306
-77.4714,39.6306
-77.4714,39.6306
-77.4714,39.6306
-77.4714,39.6306
-77.4714,39.6306
-77.4714,39.6306
-77.4714,39.6306
-77.4714,39.6306
-77.4714,39.6306
-77.4714,39.6306
-77.4714,39.6306
-77.4714,39.6306
-77.4714,39.6306
-77.4714,39.6306
-77.4714,39.6306
-77.4714,39.6306
-77.4714,39.6306
-77.4714,39.6306
-77.4714,39.6306
-77.4714,39.6306
-77.4714,39.6306
-77.4714,39.6306
-77.4714,39.6306
-77.4714,39.6306
-77.4714,39.6306
-77.4714,39.6306
-77.4714,39.6306
-77.4714,39.6306
-77.4714,39.6306
-77.4714,39.6306
-77.4714,39.6306
-77.4714,39.6306
-77.4714,39.6306
-77.4714,39.6306
-77.4714,39.6306
-77.4714,39.6306
-77.4714,39.6306
-77.4714,39.6306
-77.4714,39.6306
-77.4714,39.6306
-77.4714,39.6306
-77.4714,39.6306
-77.4714,39.6306
-77.4714,39.6306
-77.4714,39.6306
-77.4714,39.6306
-77.4714,39.6306
-77.4714,39.6306
-77.4714,39.6306
-77.4714,39.6306
-77.4714,39.6306
-77.4714,39.6306
-77.4714,39.6306
-77.4714,39.6306
-77.4714,39.6306
-77.4714,39.6306
-77.4714,39.6306
-77.4714,39.6306
-77.4714,39.6306
-77.4714,39.6306
-77.4714,39.6306
-77.4714,39.6306
-77.4714,39.6306
-77.4714,39.6306
-77.4714,39.6306
-77.4714,39.6306
-77.4714,39.6306
-77.4714,39.6306
-77.4714,39.6306
-77.4714,39.6306
-77.4714,39.6306
-77.4714,39.6306
-77.4714,39.6306
-77.4714,39.6306
-77.4714,39.6306
-77.4714,39.6306
-77.4714,39.6306
-77.4714,39.6306
-77.4714,39.6306
-77.4714,39.6306
-77.4714,39.6306
-77.4714,39.6306
-77.4714,39.6306
-77.4714,39.6306
-77.4714,39.6306
-77.4714,39.6306
-77.4714,39.6306
-77.4714,39.6306
-77.4714,39.6306
-77.4714,39.6306
-77.4714,39.6306
-77.4714,39.6306
-77.4714,39.6306
-77.4714,39.6306
-77.4714,39.6306
-77.4714,39.6306
-77.4714,39.6306
-77.4714,39.6306
-77.4714,39.6306
-77.4714,39.6306
-77.4714,39.6306
-77.4714,39.6306
-77.4714,39.6306
-77.4714,39.6306
-77.4714,39.6306
-77.4714,39.6306
-77.4714,39.6306
-77.4714,39.6306
-77.4714,39.6306
-77.4714,39.6306
-77.4714,39.6306
-77.4714,39.6306
-77.4714,39.6306
-77.4714,39.6306
-77.4714,39.6306
-77.4714,39.6306
-77.4714,39.6306
-77.4714,39.6306
-77.4714,39.6306
-77.4714,39.6306
-77.4714,39.6306
-77.4714,39.6306
-77.4714,39.6306
-77.4714,39.6306
-77.4714,39.6306
-77.4714,39.6306
-77.4714,39.6306
-77.4714,39.6306
-77.4714,39.6306
-77.4714,39.6306
-77.4714,39.6306
-77.4714,39.6306
-77.4714,39.6306
-77.4714,39.6306
-77.4714,39.6306
-77.4714,39.6306
-77.4714,39.6306
-77.4714,39.6306
-77.4714,39.6306
-77.4714,39.6306
-77.4714,39.6306
-77.4714,39.6306
-77.4714,39.6306
-77.4714,39.6306
-77.4714,39.6306
-77.4714,39.6306
-77.4714,39.6306
-77.4714,39.6306
-77.4714,39.6306
-77.4714,39.6306
-77.4714,39.6306
-77.4714,39.6306
-77.4714,39.6306
-77.4714,39.6306
-77.4714,39.6306
-77.4714,39.6306
-77.4714,39.6306
-77.4714,39.6306
-77.4714,39.6306
-77.4714,39.6306
-77.4714,39.6306
-77.4714,39.6306
-77.4714,39.6306
-77.4714,39.6306
-77.4714,39.6306
-77.4714,39.6306
-77.4714,39.6306
-77.4714,39.6306
-77.4714,39.6306
-77.4714,39.6306
-77.4714,39.6306
-77.4714,39.6306
-77.4714,39.6306
-77.4714,39.6306
-77.4714,39.6306
-77.4714,39.6306
-77.4714,39.6306
-77.4714,39.6306
-77.4714,39.6306
-77.4714,39.6306
-77.4714,39.6306
-77.4714,39.6306
-77.4714,39.6306
-77.4714,39.6306
-77.4714,39.6306
-77.4714,39.6306
-77.4714,39.6306
-77.4714,39.6306
-77.4714,39.6306
-77.4714,39.6306
-77.4714,39.6306
-77.4714,39.6306
-77.4714,39.6306
-77.4714,39.6306
-77.4714,39.6306
-77.4714,39.6306
-77.4714,39.6306
-77.4714,39.6306
-77.4714,39.6306
-77.4714,39.6306
-77.4714,39.6306
-77.4714,39.6306
-77.4714,39.6306
-77.4714,39.6306
-77.4714,39.6306
-77.4714,39.6306
-77.4714,39.6306
-77.4714,39.6306
-77.4714,39.6306
-77.4714,39.6306
-77.4714,39.6306
-77.4714,39.6306
-77.4714,39.6306
-77.4714,39.6306
-77.4714,39.6306
-77.4714,39.6306
-77.4714,39.6306
-77.4714,39.6306
-77.4714,39.6306
-77.4714,39.6306
-77.4714,39.6306
-77.4714,39.6306
-77.4714,39.6306
-77.4714,39.6306
-77.4714,39.6306
-77.4714,39.6306
-77.4714,39.6306
-77.4714,39.6306
-77.4714,39.6306
-77.4714,39.6306
-77.4714,39.6306
-77.4714,39.6306
-77.4714,39.6306
-77.4714,39.6306
-77.4714,39.6306
-77.4714,39.6306
-77.4714,39.6306
-77.4714,39.6306
-77.4714,39.6306
-77.4714,39.6306
-77.4714,39.6306
-77.4714,39.6306
-77.4714,39.6306
-77.4714,39.6306
-77.4714,39.6306
-77.4714,39.6306
-77.4714,39.6306
-77.4714,39.6306
-77.4714,39.6306
-77.4714,39.6306
-77.4714,39.6306
-77.4714,39.6306
-77.4714,39.6306
-77.4714,39.6306
-77.4714,39.6306
-77.4714,39.6306
-77.4714,39.6306
-77.4714,39.6306
-77.4714,39.6306
-77.4714,39.6306
-77.4714,39.6306
-77.4714,39.6306
-77.4714,39.6306
-77.4714,39.6306
-77.4714,39.6306
-77.4714,39.6306
-77.4714,39.6306
-77.4714,39.6306
-77.4714,39.6306
-77.4714,39.6306
-77.4714,39.6306
-77.4714,39.6306
-77.4714,39.6306
-77.4714,39.6306
-77.4714,39.6306
-77.4714,39.6306
-77.4714,39.6306
-77.4714,39.6306
-77.4714,39.6306
-77.4714,39.6306
-77.4714,39.6306
-77.4714,39.6306
-77.4714,39.6306
-77.4714,39.6306
-77.4714,39.6306
-77.4714,39.6306
-77.4714,39.6306
-77.4714,39.6306
-77.4714,39.6306
-77.4714,39.6306
-77.4714,39.6306
-77.4714,39.6306
-77.4714,39.6306
-77.4714,39.6306
-77.4714,39.6306
-77.4714,39.6306
-77.4714,39.6306
-77.4714,39.6306
-77.4714,39.6306
-77.4714,39.6306
-77.4714,39.6306
-77.4714,39.6306
-77.4714,39.6306
-77.4714,39.6306
-77.4714,39.6306
-77.4714,39.6306
-77.4714,39.6306
-77.4714,39.6306
-77.4714,39.6306
-77.4714,39.6306
-77.4714,39.6306
-77.4714,39.6306
-77.4714,39.6306
-77.4714,39.6306
-77.4714,39.6306
-77.4714,39.6306
-77.4714,39.6306
-77.4714,39.6306
-77.4714,39.6306
-77.4714,39.6306
-77.4714,39.6306
-77.4714,39.6306
-77.4714,39.6306
-77.4714,39.6306
-77.4714,39.6306
-77.4714,39.6306
-77.4714,39.6306
-77.4714,39.6306
-77.4714,39.6306
-77.4714,39.6306
-77.4714,39.6306
-77.4714,39.6306
-77.4714,39.6306
-77.4714,39.6306
-77.4714,39.6306
-77.4714,39.6306
-77.4714,39.6306
-77.4714,39.6306
-77.4714,39.6306
-77.4714,39.6306
-77.4714,39.6306
-77.4714,39.6306
-77.4714,39.6306
-77.4714,39.6306
-77.4714,39.6306
-77.4714,39.6306
-77.4714,39.6306
-77.4714,39.6306
-77.4714,39.6306
-77.4714,39.6306
-77.4714,39.6306
-77.4714,39.6306
-77.4714,39.6306
-77.4714,39.6306
-77.4714,39.6306
-77.4714,39.6306
-77.4714,39.6306
-77.4714,39.6306
-77.4714,39.6306
-77.4714,39.6306
-77.4714,39.6306
-77.4714,39.6306
-77.4714,39.6306
-77.4714,39.6306
-77.4714,39.6306
-77.4714,39.6306
-77.4714,39.6306
-77.4714,39.6306
-77.4714,39.6306
-77.4714,39.6306
-77.4714,39.6306
-77.4714,39.6306
-77.4714,39.6306
-77.4714,39.6306
-77.4714,39.6306
-77.4714,39.6306
-77.4714,39.6306
-77.4714,39.6306
-77.4714,39.6306
-77.4714,39.6306
-77.4714,39.6306
-77.4714,39.6306
-77.4714,39.6306
-77.4714,39.6306
-77.4714,39.6306
-77.4714,39.6306
-77.4714,39.6306
-77.4714,39.6306
-77.4714,39.6306
-77.4714,39.6306
-77.4714,39.6306
-77.4714,39.6306
-77.4714,39.6306
-77.4714,39.6306
-77.4714,39.6306
-77.4714,39.6306
-77.4714,39.6306
-77.4714,39.6306
-77.4714,39.6306
-77.4714,39.6306
-77.4714,39.6306
-77.4714,39.6306
-77.4714,39.6306
-77.4714,39.6306
-77.4714,39.6306
-77.4714,39.6306
-77.4714,39.6306
-77.4714,39.6306
-77.4714,39.6306
-77.4714,39.6306
-77.4714,39.6306
-77.4714,39.6306
-77.4714,39.6306
-77.4714,39.6306
-77.4714,39.6306
-77.4714,39.6306
-77.4714,39.6306
-77.4714,39.6306
-77.4714,39.6306
-77.4714,39.6306
-77.4714,39.6306
-77.4714,39.6306
-77.4714,39.6306
-77.4714,39.6306
-77.4714,39.6306
-77.4714,39.6306
-77.4714,39.6306
-77.4714,39.6306
-77.4714,39.6306
-77.4714,39.6306
-77.4714,39.6306
-77.4714,39.6306
-77.4714,39.6306
-77.4714,39.6306
-77.4714,39.6306
-77.4714,39.6306
-77.4714,39.6306
-77.4714,39.6306
-77.4714,39.6306
-77.4714,39.6306
-77.4714,39.6306
-77.4714,39.6306
-77.4714,39.6306
-77.4714,39.6306
-77.4714,39.6306
-77.4714,39.6306
-77.4714,39.6306
-77.4714,39.6306
-77.4714,39.6306
-77.4714,39.6306
-77.4714,39.6306
-77.4714,39.6306
-77.4714,39.6306
-77.4714,39.6306
-77.4714,39.6306
-77.4714,39.6306
-77.4714,39.6306
-77.4714,39.6306
-77.4714,39.6306
-77.4714,39.6306
-77.4714,39.6306
-77.4714,39.6306
-77.4714,39.6306
-77.4714,39.6306
-77.4714,39.6306
-77.4714,39.6306
-77.4714,39.6306
-77.4714,39.6306
-77.4714,39.6306
-77.4714,39.6306
-77.4714,39.6306
-77.4714,39.6306
-77.4714,39.6306
-77.4714,39.6306
-77.4714,39.6306
-77.4714,39.6306
-77.4714,39.6306
-77.4714,39.6306
-77.4714,39.6306
-77.4714,39.6306
-77.4714,39.6306
-77.4714,39.6306
-77.4714,39.6306
-77.4714,39.6306
-77.4714,39.6306
-77.4714,39.6306
-77.4714,39.6306
-77.4714,39.6306
-77.4714,39.6306
-77.4714,39.6306
-77.4714,39.6306
-77.4714,39.6306
-77.4714,39.6306
-77.4714,39.6306
-77.4714,39.6306
-77.4714,39.6306
-77.4714,39.6306
-77.4714,39.6306
-77.4714,39.6306
-77.4714,39.6306
-77.4714,39.6306
-77.4714,39.6306
-77.4714,39.6306
-77.4714,39.6306
-77.4714,39.6306
-77.4714,39.6306
-77.4714,39.6306
-77.4714,39.6306
-77.4714,39.6306
-77.4714,39.6306
-77.4714,39.6306
-77.4714,39.6306
-77.4714,39.6306
-77.4714,39.6306
-77.4714,39.6306
-77.4714,39.6306
-77.4714,39.6306
-77.4714,39.6306
-77.4714,39.6306
-77.4714,39.6306
-77.4714,39.6306
-77.4714,39.6306
-77.4714,39.6306
-77.4714,39.6306
-77.4714,39.6306
-77.4714,39.6306
-77.4714,39.6306
-77.4714,39.6306
-77.4714,39.6306
-77.4714,39.6306
-77.4714,39.6306
-77.4714,39.6306
-77.4714,39.6306
-77.4714,39.6306
-77.4714,39.6306
-77.4714,39.6306
-77.4714,39.6306
-77.4714,39.6306
-77.4714,39.6306
-77.4714,39.6306
-77.4714,39.6306
-77.4714,39.6306
-77.4714,39.6306
-77.4714,39.6306
-77.4714,39.6306
-77.4714,39.6306
-77.4714,39.6306
-77.4714,39.6306
-77.4714,39.6306
-77.4714,39.6306
-77.4714,39.6306
-77.4714,39.6306
-77.4714,39.6306
-77.4714,39.6306
-77.4714,39.6306
-77.4714,39.6306
-77.4714,39.6306
-77.4714,39.6306
-77.4714,39.6306
-77.4714,39.6306
-77.4714,39.6306
-77.4714,39.6306
-77.4714,39.6306
-77.4714,39.6306
-77.4714,39.6306
-77.4714,39.6306
-77.4714,39.6306
-77.4714,39.6306
-77.4714,39.6306
-77.4714,39.6306
-77.4714,39.6306
-77.4714,39.6306
-77.4714,39.6306
-77.4714,39.6306
-77.4714,39.6306
-77.4714,39.6306
-77.4714,39.6306
-77.4714,39.6306
-77.4714,39.6306
-77.4714,39.6306
-77.4714,39.6306
-77.4714,39.6306
-77.4714,39.6306
-77.4714,39.6306
-77.4714,39.6306
-77.4714,39.6306
-77.4714,39.6306
-77.4714,39.6306
-77.4714,39.6306
-77.4714,39.6306
-77.4714,39.6306
-77.4714,39.6306
-77.4714,39.6306
-77.4714,39.6306
-77.4714,39.6306
-77.4714,39.6306
-77.4714,39.6306
-77.4714,39.6306
-77.4714,39.6306
-77.4714,39.6306
-77.4714,39.6306
-77.4714,39.6306
-77.4714,39.6306
-77.4714,39.6306
-77.4714,39.6306
-77.4714,39.6306
-77.4714,39.6306
-77.4714,39.6306
-77.4714,39.6306
-77.4714,39.6306
-77.4714,39.6306
-77.4714,39.6306
-77.4714,39.6306
-77.4714,39.6306
-77.4714,39.6306
-77.4714,39.6306
-77.4714,39.6306
-77.4714,39.6306
-77.4714,39.6306
-77.4714,39.6306
-77.4714,39.6306
-77.4714,39.6306
-77.4714,39.6306
-77.4714,39.6306
-77.4714,39.6306
-77.4714,39.6306
-77.4714,39.6306
-77.4714,39.6306
-77.4714,39.6306
-77.4714,39.6306
-77.4714,39.6306
-77.4714,39.6306
-77.4714,39.6306
-77.4714,39.6306
-77.4714,39.6306
-74.1028,41.9289
-74.1028,41.9289
-74.1028,41.9289
-74.1028,41.9289
-74.1061,41.9311
-74.1061,41.9311
-74.1061,41.9311
-74.1061,41.9311
-74.1061,41.9311
-74.1061,41.9311
-74.1061,41.9311
-74.1061,41.9311
-74.1061,41.9311
-74.1061,41.9311
-74.1061,41.9311
-74.1061,41.9311
-74.1061,41.9311
-74.1061,41.9311
-74.1061,41.9311
-74.1061,41.9311
-74.1061,41.9311
-74.1061,41.9311
-74.1061,41.9311
-74.1061,41.9311
-74.1061,41.9311
-74.1061,41.9311
-74.1061,41.9311
-74.1061,41.9311
-74.1061,41.9311
-74.1061,41.9311
-74.1061,41.9311
-74.1061,41.9311
-74.1061,41.9311
-74.1061,41.9311
-74.1061,41.9311
-74.1061,41.9311
-74.1061,41.9311
-74.1061,41.9311
-74.1061,41.9311
-74.1061,41.9311
-74.1061,41.9311
-74.1061,41.9311
-74.1061,41.9311
-74.1061,41.9311
-74.1061,41.9311
-74.1061,41.9311
-74.1061,41.9311
-74.1061,41.9311
-74.1061,41.9311
-74.1061,41.9311
-74.1061,41.9311
-74.1061,41.9311
-74.1061,41.9311
-74.1061,41.9311
-74.1061,41.9311
-74.1061,41.9311
-74.1061,41.9311
-74.1061,41.9311
-74.1061,41.9311
-74.1061,41.9311
-74.1061,41.9311
-74.1061,41.9311
-74.1061,41.9311
-74.1061,41.9311
-74.1061,41.9311
-74.1061,41.9311
-74.1061,41.9311
-74.1061,41.9311
-74.1061,41.9311
-74.1061,41.9311
-74.1061,41.9311
-74.1061,41.9311
-74.1061,41.9311
-74.1061,41.9311
-74.1061,41.9311
-74.1061,41.9311
-74.1061,41.9311
-74.1061,41.9311
-74.1061,41.9311
-74.1061,41.9311
-74.1061,41.9311
-74.1061,41.9311
-74.1061,41.9311
-74.1061,41.9311
-74.1061,41.9311
-74.1061,41.9311
-74.1061,41.9311
-74.1061,41.9311
-74.1061,41.9311
-74.1061,41.9311
-74.1061,41.9311
-74.1061,41.9311
-74.1061,41.9311
-74.1061,41.9311
-74.1061,41.9311
-74.1061,41.9311
-74.1061,41.9311
-74.1061,41.9311
-74.1061,41.9311
-74.1061,41.9311
-74.1061,41.9311
-74.1061,41.9311
-74.1061,41.9311
-74.1061,41.9311
-74.1061,41.9311
-74.1061,41.9311
-74.1061,41.9311
-74.1061,41.9311
-74.1061,41.9311
-74.1061,41.9311
-74.1061,41.9311
-74.1061,41.9311
-74.1028,41.9289
-74.1028,41.9289
-74.1028,41.9289
-74.1028,41.9289
-74.1028,41.9289
-74.1028,41.9289
-74.1028,41.9289
-74.1028,41.9289
-74.1028,41.9289
-74.1028,41.9289
-74.1028,41.9289
-74.1028,41.9289
-74.1028,41.9289
-74.1028,41.9289
-74.1028,41.9289
-74.1028,41.9289
-74.1028,41.9289
-74.1028,41.9289
-74.1028,41.9289
-74.1028,41.9289
-74.1028,41.9289
-74.1028,41.9289
-74.1028,41.9289
-74.1028,41.9289
-74.1028,41.9289
-74.1028,41.9289
-74.1028,41.9289
-74.1028,41.9289
-74.1028,41.9289
-74.1028,41.9289
-74.1028,41.9289
-74.1028,41.9289
-74.1028,41.9289
-74.1028,41.9289
-74.1028,41.9289
-74.1028,41.9289
-74.1028,41.9289
-74.1028,41.9289
-74.1028,41.9289
-74.1028,41.9289
-74.1028,41.9289
-74.1028,41.9289
-74.1028,41.9289
-74.1028,41.9289
-74.1028,41.9289
-74.1028,41.9289
-74.1028,41.9289
-74.1028,41.9289
-74.1028,41.9289
-74.1028,41.9289
-74.1028,41.9289
-74.1028,41.9289
-74.1028,41.9289
-74.1028,41.9289
-74.1028,41.9289
-74.1028,41.9289
-74.1028,41.9289
-74.1028,41.9289
-74.1028,41.9289
-74.1028,41.9289
-74.1028,41.9289
-74.1028,41.9289
-74.1028,41.9289
-74.1028,41.9289
-74.1028,41.9289
-74.1028,41.9289
-74.1028,41.9289
-74.1028,41.9289
-74.1028,41.9289
-74.1028,41.9289
-74.1028,41.9289
-74.1028,41.9289
-74.1028,41.9289
-74.1028,41.9289
-74.1028,41.9289
-74.1028,41.9289
-74.1028,41.9289
-74.1028,41.9289
-74.1028,41.9289
-74.1028,41.9289
-74.1028,41.9289
-74.1028,41.9289
-74.1028,41.9289
-74.1028,41.9289
-74.1028,41.9289
-74.1028,41.9289
-74.1028,41.9289
-74.1028,41.9289
-74.1028,41.9289
-74.1028,41.9289
-74.1028,41.9289
-74.1028,41.9289
-74.1028,41.9289
-74.1028,41.9289
-74.1028,41.9289
-74.1028,41.9289
-74.1028,41.9289
-74.1028,41.9289
-74.1028,41.9289
-74.1028,41.9289
-74.1028,41.9289
-74.1028,41.9289
-74.1028,41.9289
-74.1028,41.9289
-74.1028,41.9289
-74.1028,41.9289
-74.1028,41.9289
-74.1028,41.9289
-74.1028,41.9289
-74.1028,41.9289
-74.1028,41.9289
-74.1028,41.9289
-74.1028,41.9289
-74.1028,41.9289
-74.1028,41.9289
-74.1028,41.9289
-74.1028,41.9289
-74.1028,41.9289
-74.1028,41.9289
-74.1028,41.9289
-74.1028,41.9289
-74.1028,41.9289
-74.1028,41.9289
-74.1028,41.9289
-74.1028,41.9289
-74.1028,41.9289
-74.1028,41.9289
-74.1028,41.9289
-74.1028,41.9289
-74.1028,41.9289
-74.1028,41.9289
-74.1028,41.9289
-74.1028,41.9289
-74.1028,41.9289
-74.1028,41.9289
-74.1028,41.9289
-74.1028,41.9289
-74.1028,41.9289
-74.1028,41.9289
-74.1028,41.9289
-74.1028,41.9289
-74.1028,41.9289
-74.1028,41.9289
-74.1028,41.9289
-74.1028,41.9289
-74.1028,41.9289
-74.1028,41.9289
-74.1028,41.9289
-74.1028,41.9289
-74.1028,41.9289
-74.1028,41.9289
-74.1028,41.9289
-74.1028,41.9289
-74.1028,41.9289
-74.1028,41.9289
-74.1028,41.9289
-74.1028,41.9289
-74.1028,41.9289
-74.1028,41.9289
-74.1028,41.9289
-74.1028,41.9289
-74.1028,41.9289
-74.1028,41.9289
-74.1028,41.9289
-74.1028,41.9289
-74.1028,41.9289
-74.1028,41.9289
-74.1028,41.9289
-74.1028,41.9289
-74.1028,41.9289
-74.1028,41.9289
-74.1028,41.9289
-74.1028,41.9289
-74.1028,41.9289
-74.1028,41.9289
-74.1028,41.9289
-74.1028,41.9289
-74.1028,41.9289
-74.1028,41.9289
-74.1028,41.9289
-74.1028,41.9289
-74.1028,41.9289
-74.1028,41.9289
-74.1028,41.9289
-74.1028,41.9289
-74.1028,41.9289
-74.1028,41.9289
-74.1028,41.9289
-74.1028,41.9289
-74.1028,41.9289
-74.1028,41.9289
-74.1028,41.9289
-74.1028,41.9289
-74.1028,41.9289
-74.1028,41.9289
-74.1028,41.9289
-74.1028,41.9289
-74.1028,41.9289
-74.1028,41.9289
-74.1028,41.9289
-74.1028,41.9289
-74.1028,41.9289
-74.1028,41.9289
-74.1028,41.9289
-74.1028,41.9289
-74.1028,41.9289
-74.1028,41.9289
-74.1028,41.9289
-74.1028,41.9289
-74.1028,41.9289
-74.1028,41.9289
-74.1028,41.9289
-74.1028,41.9289
-74.1028,41.9289
-74.1028,41.9289
-74.1028,41.9289
-74.1028,41.9289
-74.1028,41.9289
-74.1028,41.9289
-74.1028,41.9289
-74.1028,41.9289
-74.1028,41.9289
-74.1028,41.9289
-74.1028,41.9289
-74.1028,41.9289
-74.1028,41.9289
-74.1028,41.9289
-74.1028,41.9289
-74.1028,41.9289
-74.1028,41.9289
-74.1028,41.9289
-74.1028,41.9289
-74.1028,41.9289
-74.1028,41.9289
-74.1028,41.9289
-74.1028,41.9289
-74.1028,41.9289
-74.1028,41.9289
-74.1028,41.9289
-74.1028,41.9289
-74.1028,41.9289
-74.1028,41.9289
-74.1028,41.9289
-74.1028,41.9289
-74.1028,41.9289
-74.1028,41.9289
-74.1028,41.9289
-74.1028,41.9289
-74.1028,41.9289
-74.1028,41.9289
-74.1028,41.9289
-74.1028,41.9289
-74.1028,41.9289
-74.1028,41.9289
-74.1028,41.9289
-74.1028,41.9289
-74.1028,41.9289
-74.1028,41.9289
-74.1028,41.9289
-74.1028,41.9289
-74.1028,41.9289
-74.1028,41.9289
-74.1028,41.9289
-74.1028,41.9289
-74.1028,41.9289
-74.1028,41.9289
-74.1028,41.9289
-74.1028,41.9289
-74.1028,41.9289
-74.1028,41.9289
-74.1028,41.9289
-74.1028,41.9289
-74.1028,41.9289
-74.1028,41.9289
-74.1028,41.9289
-74.1028,41.9289
-74.1028,41.9289
-74.1028,41.9289
-74.1028,41.9289
-74.1028,41.9289
-74.1028,41.9289
-74.1028,41.9289
-74.1028,41.9289
-74.1028,41.9289
-74.1028,41.9289
-74.1028,41.9289
-74.1028,41.9289
-74.1028,41.9289
-74.1028,41.9289
-74.1028,41.9289
-74.1028,41.9289
-74.1028,41.9289
-74.1028,41.9289
-74.1028,41.9289
-74.1028,41.9289
-74.1028,41.9289
-74.1028,41.9289
-74.1028,41.9289
-74.1028,41.9289
-74.1028,41.9289
-74.1028,41.9289
-74.1028,41.9289
-74.1028,41.9289
-74.1028,41.9289
-74.1028,41.9289
-74.1028,41.9289
-74.1028,41.9289
-74.1028,41.9289
-74.1028,41.9289
-74.1028,41.9289
-74.1028,41.9289
-74.1028,41.9289
-74.1028,41.9289
-74.1028,41.9289
-74.1028,41.9289
-74.1028,41.9289
-74.1028,41.9289
-74.1028,41.9289
-74.1028,41.9289
-74.1028,41.9289
-74.1028,41.9289
-74.1028,41.9289
-74.1028,41.9289
-74.1028,41.9289
-74.1028,41.9289
-74.1028,41.9289
-74.1028,41.9289
-74.1028,41.9289
-74.1028,41.9289
-74.1028,41.9289
-74.1028,41.9289
-74.1028,41.9289
-74.1028,41.9289
-74.1028,41.9289
-74.1028,41.9289
-74.1028,41.9289
-74.1028,41.9289
-74.1028,41.9289
-74.1028,41.9289
-74.1028,41.9289
-74.1028,41.9289
-74.1028,41.9289
-74.1028,41.9289
-74.1028,41.9289
-74.1028,41.9289
-74.1028,41.9289
-74.1028,41.9289
-74.1028,41.9289
-74.1028,41.9289
-74.1028,41.9289
-74.1028,41.9289
-74.1028,41.9289
-74.1028,41.9289
-74.1028,41.9289
-74.1028,41.9289
-74.1028,41.9289
-74.1028,41.9289
-74.1028,41.9289
-74.1028,41.9289
-74.1028,41.9289
-74.1028,41.9289
-74.1028,41.9289
-74.1028,41.9289
-74.1028,41.9289
-74.1028,41.9289
-74.1028,41.9289
-74.1028,41.9289
-74.1028,41.9289
-74.1028,41.9289
-74.1028,41.9289
-74.1028,41.9289
-74.1028,41.9289
-74.1028,41.9289
-74.1028,41.9289
-74.1028,41.9289
-74.1028,41.9289
-74.1028,41.9289
-74.1028,41.9289
-74.1028,41.9289
-74.1028,41.9289
-74.1028,41.9289
-74.1028,41.9289
-74.1028,41.9289
-74.1028,41.9289
-74.1028,41.9289
-74.1028,41.9289
-74.1028,41.9289
-74.1028,41.9289
-74.1028,41.9289
-74.1028,41.9289
-74.1028,41.9289
-74.1028,41.9289
-74.1028,41.9289
-74.1028,41.9289
-74.1028,41.9289
-74.1028,41.9289
-74.1028,41.9289
-74.1028,41.9289
-74.1028,41.9289
-74.1028,41.9289
-74.1028,41.9289
-74.1028,41.9289
-74.1028,41.9289
-74.1028,41.9289
-74.1028,41.9289
-74.1028,41.9289
-74.1028,41.9289
-74.1028,41.9289
-74.1028,41.9289
-74.1028,41.9289
-74.1028,41.9289
-74.1028,41.9289
-74.1028,41.9289
-74.1028,41.9289
-74.1028,41.9289
-74.1028,41.9289
-74.1028,41.9289
-74.1028,41.9289
-74.1028,41.9289
-74.1028,41.9289
-74.1028,41.9289
-74.1028,41.9289
-74.1028,41.9289
-74.1028,41.9289
-74.1028,41.9289
-74.1028,41.9289
-74.1028,41.9289
-74.1028,41.9289
-74.1028,41.9289
-74.1028,41.9289
-74.1028,41.9289
-74.1028,41.9289
-74.1028,41.9289
-74.1028,41.9289
-74.1028,41.9289
-74.1028,41.9289
-74.1028,41.9289
-74.1028,41.9289
-74.1028,41.9289
-74.1028,41.9289
-74.1028,41.9289
-74.1028,41.9289
-74.1028,41.9289
-74.1028,41.9289
-74.1028,41.9289
-74.1028,41.9289
-74.1028,41.9289
-74.1028,41.9289
-74.1028,41.9289
-74.1028,41.9289
-74.1028,41.9289
-74.1028,41.9289
-74.1028,41.9289
-74.1028,41.9289
-74.1028,41.9289
-74.1028,41.9289
-74.1028,41.9289
-74.1028,41.9289
-74.1028,41.9289
-75.9806,42.0917
-75.9806,42.0917
-75.9806,42.0917
-75.9806,42.0917
-75.9806,42.0917
-75.9806,42.0917
-75.9806,42.0917
-75.9806,42.0917
-75.9806,42.0917
-75.9806,42.0917
-75.9806,42.0917
-75.9806,42.0917
-75.9806,42.0917
-75.9806,42.0917
-75.9806,42.0917
-75.9806,42.0917
-75.9806,42.0917
-75.9806,42.0917
-75.9806,42.0917
-75.9806,42.0917
-75.9806,42.0917
-75.9806,42.0917
-75.9806,42.0917
-75.9806,42.0917
-75.9806,42.0917
-75.9806,42.0917
-75.9806,42.0917
-75.9806,42.0917
-75.9806,42.0917
-75.9806,42.0917
-75.9806,42.0917
-75.9806,42.0917
-75.9806,42.0917
-75.9806,42.0917
-75.9806,42.0917
-75.9806,42.0917
-75.9806,42.0917
-75.9806,42.0917
-75.9806,42.0917
-75.9806,42.0917
-75.9806,42.0917
-75.9806,42.0917
-75.9806,42.0917
-75.9806,42.0917
-75.9806,42.0917
-75.9806,42.0917
-75.9806,42.0917
-75.9806,42.0917
-75.9806,42.0917
-75.9806,42.0917
-75.9511,42.0617
-75.9511,42.0617
-75.9511,42.0617
-76.6594,42.3319
-76.6594,42.3319
-76.6594,42.3319
-76.6594,42.3319
-76.6594,42.3319
-76.6594,42.3319
-76.6594,42.3319
-76.6594,42.3319
-76.6594,42.3319
-76.6594,42.3319
-76.6594,42.3319
-76.6594,42.3319
-76.6594,42.3319
-76.6594,42.3319
-76.6594,42.3319
-76.6594,42.3319
-76.6594,42.3319
-76.6594,42.3319
-76.6594,42.3319
-76.6594,42.3319
-76.6594,42.3319
-76.6594,42.3319
-76.6594,42.3319
-76.6594,42.3319
-76.6594,42.3319
-76.6594,42.3319
-76.6594,42.3319
-76.6594,42.3319
-76.6594,42.3319
-76.6594,42.3319
-76.6594,42.3319
-76.6594,42.3319
-76.6594,42.3319
-79.5375,38.4414
-79.5375,38.4414
-79.5375,38.4414
-79.5375,38.4414
-79.5375,38.4414
-79.5375,38.4414
-79.5375,38.4414
-79.5375,38.4414
-79.5375,38.4414
-79.5375,38.4414
-79.5375,38.4414
-79.5375,38.4414
-79.5375,38.4414
-79.5375,38.4414
-79.5375,38.4414
-79.5375,38.4414
-79.5375,38.4414
-79.5375,38.4414
-79.5375,38.4414
-79.5375,38.4414
-79.5375,38.4414
-79.5375,38.4414
-79.5375,38.4414
-79.5375,38.4414
-79.5375,38.4414
-79.5375,38.4414
-79.5375,38.4414
-79.5375,38.4414
-79.5375,38.4414
-79.5375,38.4414
-79.5942,38.4314
-79.5942,38.4314
-79.5942,38.4314
-79.5942,38.4314
-79.5942,38.4314
-79.5942,38.4314
-79.5942,38.4314
-79.5942,38.4314
-79.5942,38.4314
-79.5942,38.4314
-79.5942,38.4314
-79.5942,38.4314
-79.5942,38.4314
-79.5942,38.4314
-79.5942,38.4314
-79.5942,38.4314
-79.5942,38.4314
-79.5942,38.4314
-79.5942,38.4314
-79.5942,38.4314
-79.5942,38.4314
-79.5942,38.4314
-79.5942,38.4314
-79.5942,38.4314
-79.5942,38.4314
-79.5942,38.4314
-79.5942,38.4314
-79.5175,38.4339
-79.5175,38.4339
-79.5175,38.4339
-79.5175,38.4339
-79.5175,38.4339
-79.5175,38.4339
-79.5175,38.4339
-79.5175,38.4339
-79.5175,38.4339
-79.5175,38.4339
-79.5175,38.4339
-79.5175,38.4339
-79.5175,38.4339
-79.5175,38.4339
-79.5175,38.4339
-79.5175,38.4339
-79.5175,38.4339
-79.5175,38.4339
-79.5175,38.4339
-79.5175,38.4339
-79.5175,38.4339
-79.5175,38.4339
-79.5175,38.4339
-79.5175,38.4339
-79.5175,38.4339
-79.5858,38.3503
-79.5858,38.3503
-79.5858,38.3503
-79.5858,38.3503
-79.5858,38.3503
-79.5858,38.3503
-79.5858,38.3503
-79.5858,38.3503
-79.5858,38.3503
-79.5858,38.3503
-79.5858,38.3503
-79.5858,38.3503
-79.5858,38.3503
-79.5858,38.3503
-79.5858,38.3503
-79.5858,38.3503
-79.5858,38.3503
-79.5858,38.3503
-79.5858,38.3503
-79.5858,38.3503
-79.5858,38.3503
-79.5858,38.3503
-79.5858,38.3503
-79.5858,38.3503
-79.5858,38.3503
-79.5858,38.3503
-79.5858,38.3503
-79.5269,38.3086
-79.5269,38.3086
-79.5269,38.3086
-79.5269,38.3086
-79.5269,38.3086
-79.5269,38.3086
-79.5269,38.3086
-79.5269,38.3086
-79.5269,38.3086
-79.5269,38.3086
-79.5269,38.3086
-79.5269,38.3086
-79.5269,38.3086
-79.5269,38.3086
-79.5269,38.3086
-79.5269,38.3086
-79.5269,38.3086
-79.5269,38.3086
-79.5269,38.3086
-79.5269,38.3086
-79.5269,38.3086
-79.5269,38.3086
-79.5269,38.3086
-79.5269,38.3086
-79.5269,38.3086
-79.5269,38.3086
-79.5269,38.3086
-79.5269,38.3086
-79.5269,38.3086
-79.5269,38.3086
-79.5269,38.3086
-79.5269,38.3086
-79.5269,38.3086
-79.4722,38.4178
-79.4722,38.4178
-79.4722,38.4178
-79.4722,38.4178
-79.4722,38.4178
-79.4722,38.4178
-79.4722,38.4178
-79.4722,38.4178
-79.4722,38.4178
-79.4722,38.4178
-79.4722,38.4178
-79.4722,38.4178
-79.4722,38.4178
-79.4722,38.4178
-79.4722,38.4178
-79.4722,38.4178
-79.4722,38.4178
-79.4722,38.4178
-79.4722,38.4178
-79.4722,38.4178
-79.4722,38.4178
-79.4722,38.4178
-79.4722,38.4178
-79.4722,38.4178
-79.4722,38.4178
-79.4722,38.4178
-79.4722,38.4178
-79.4722,38.4178
-79.4722,38.4178
-79.4722,38.4178
-79.4722,38.4178
-79.4722,38.4178
-79.4722,38.4178
-79.4722,38.4178
-79.4722,38.4178
-79.4722,38.4178
-79.4722,38.4178
-79.4722,38.4178
-79.4722,38.4178
-79.4722,38.4178
-79.4722,38.4178
-79.4722,38.4178
-79.4722,38.4178
-79.4722,38.4178
-79.4722,38.4178
-79.4722,38.4178
-79.4722,38.4178
-79.4722,38.4178
-79.4722,38.4178
-79.4722,38.4178
-79.4722,38.4178
-79.4722,38.4178
-79.4722,38.4178
-79.4722,38.4178
-79.4722,38.4178
-79.4722,38.4178
-79.4722,38.4178
-79.4722,38.4178
-79.4722,38.4178
-79.4722,38.4178
-79.4722,38.4178
-79.4722,38.4178
-79.4722,38.4178
-79.4722,38.4178
-79.5972,38.4256
-79.5972,38.4256
-79.5972,38.4256
-79.5972,38.4256
-79.5972,38.4256
-79.5972,38.4256
-79.5972,38.4256
-79.5972,38.4256
-79.5972,38.4256
-79.5972,38.4256
-79.5972,38.4256
-79.5972,38.4256
-79.5972,38.4256
-79.5972,38.4256
-79.5972,38.4256
-79.5972,38.4256
-79.5972,38.4256
-79.5972,38.4256
-79.5972,38.4256
-79.5972,38.4256
-79.5972,38.4256
-79.5972,38.4256
-79.5972,38.4256
-79.5972,38.4256
-79.5972,38.4256
-79.7056,38.1642
-79.7056,38.1642
-79.7056,38.1642
-79.7056,38.1642
-79.7158,38.1581
-79.7158,38.1581
-79.7158,38.1581
-79.7158,38.1581
-79.7158,38.1581
-79.7158,38.1581
-79.7158,38.1581
-79.7158,38.1581
-79.7158,38.1581
-79.7158,38.1581
-79.7158,38.1581
-79.7158,38.1581
-79.7158,38.1581
-79.7158,38.1581
-79.7158,38.1581
-79.7158,38.1581
-79.7158,38.1581
-79.7158,38.1581
-79.7158,38.1581
-79.7158,38.1581
-79.7158,38.1581
-79.7158,38.1581
-79.7158,38.1581
-79.7158,38.1581
-79.7158,38.1581
-79.7158,38.1581
-79.7158,38.1581
-79.7158,38.1581
-79.7158,38.1581
-79.7158,38.1581
-79.7158,38.1581
-79.7158,38.1581
-79.7158,38.1581
-79.7158,38.1581
-79.7158,38.1581
-79.7158,38.1581
-79.7158,38.1581
-79.7158,38.1581
-79.7158,38.1581
-79.7158,38.1581
-79.7158,38.1581
-79.7158,38.1581
-79.7158,38.1581
-80.4789,37.3783
-80.4789,37.3783
-80.4789,37.3783
-80.4789,37.3783
-80.4789,37.3783
-80.4789,37.3783
-80.4789,37.3783
-80.4789,37.3783
-80.4681,37.3886
-80.4681,37.3886
-80.4681,37.3886
-80.4681,37.3886
-80.4681,37.3886
-80.4681,37.3886
-80.4681,37.3886
-80.4681,37.3886
-80.4681,37.3886
-80.4681,37.3886
-80.4681,37.3886
-80.4681,37.3886
-80.4681,37.3886
-80.4681,37.3886
-80.4681,37.3886
-80.4681,37.3886
-80.4681,37.3886
-80.4681,37.3886
-80.4681,37.3886
-80.4681,37.3886
-80.4681,37.3886
-80.4681,37.3886
-80.4681,37.3886
-80.4681,37.3886
-80.4681,37.3886
-80.4681,37.3886
-80.4681,37.3886
-80.4681,37.3886
-80.4681,37.3886
-80.4681,37.3886
-80.4681,37.3886
-80.4681,37.3886
-80.4681,37.3886
-80.4964,37.4286
-80.4964,37.4286
-80.4964,37.4286
-80.4964,37.4286
-80.4964,37.4286
-80.4964,37.4286
-80.4964,37.4286
-80.4964,37.4286
-80.4964,37.4286
-80.4964,37.4286
-80.4964,37.4286
-80.4964,37.4286
-80.4964,37.4286
-80.4964,37.4286
-80.4964,37.4286
-80.4964,37.4286
-80.4964,37.4286
-80.4964,37.4286
-80.4964,37.4286
-80.4964,37.4286
-80.4964,37.4286
-80.4964,37.4286
-80.4964,37.4286
-80.4964,37.4286
-80.4964,37.4286
-80.4964,37.4286
-80.4964,37.4286
-80.4878,37.4183
-80.4878,37.4183
-80.4878,37.4183
-80.4878,37.4183
-80.4878,37.4183
-80.4878,37.4183
-80.4878,37.4183
-80.4878,37.4183
-80.4878,37.4183
-80.4878,37.4183
-80.4878,37.4183
-80.4878,37.4183
-80.4878,37.4183
-80.4878,37.4183
-80.4878,37.4183
-80.4878,37.4183
-80.4878,37.4183
-80.4878,37.4183
-80.4878,37.4183
-80.4878,37.4183
-80.4878,37.4183
-80.4878,37.4183
-80.4878,37.4183
-80.4878,37.4183
-80.4878,37.4183
-80.4878,37.4183
-80.4878,37.4183
-80.4878,37.4183
-80.4878,37.4183
-80.4878,37.4183
-80.4878,37.4183
-80.4878,37.4183
-80.4878,37.4183
-80.4878,37.4183
-80.4878,37.4183
-80.4878,37.4183
-80.4878,37.4183
-80.4878,37.4183
-80.4878,37.4183
-80.4878,37.4183
-80.4878,37.4183
-80.4878,37.4183
-80.4878,37.4183
-80.5328,37.3672
-80.5328,37.3672
-80.5328,37.3672
-80.5328,37.3672
-80.5328,37.3672
-80.5328,37.3672
-80.5328,37.3672
-80.5328,37.3672
-80.5328,37.3672
-80.5328,37.3672
-80.5328,37.3672
-80.5328,37.3672
-80.5328,37.3672
-80.5328,37.3672
-80.5328,37.3672
-80.5328,37.3672
-80.5328,37.3672
-80.5328,37.3672
-80.5328,37.3672
-80.5328,37.3672
-80.5328,37.3672
-80.5328,37.3672
-80.5328,37.3672
-80.5328,37.3672
-80.5328,37.3672
-80.5328,37.3672
-80.5328,37.3672
-80.5328,37.3672
-80.5328,37.3672
-80.5328,37.3672
-80.5328,37.3672
-80.5328,37.3672
-80.5328,37.3672
-80.5328,37.3672
-80.5328,37.3672
-80.5328,37.3672
-80.5328,37.3672
-80.5328,37.3672
-80.5328,37.3672
-80.5328,37.3672
-80.5328,37.3672
-80.5328,37.3672
-80.5328,37.3672
-80.5328,37.3672
-80.5328,37.3672
-80.5328,37.3672
-80.5328,37.3672
-80.5328,37.3672
-80.5328,37.3672
-80.5328,37.3672
-80.5328,37.3672
-80.5328,37.3672
-80.5328,37.3672
-80.5328,37.3672
-80.5328,37.3672
-80.5328,37.3672
-80.5328,37.3672
-80.5328,37.3672
-80.5328,37.3672
-80.5328,37.3672
-80.5328,37.3672
-80.5328,37.3672
-80.5328,37.3672
-80.5328,37.3672
-80.5328,37.3672
-80.5328,37.3672
-80.5328,37.3672
-80.5328,37.3672
-80.5328,37.3672
-80.5328,37.3672
-80.5328,37.3672
-80.5328,37.3672
-80.5328,37.3672
-80.5328,37.3672
-80.5328,37.3672
-80.5328,37.3672
-80.5328,37.3672
-80.5328,37.3672
-80.5328,37.3672
-80.5328,37.3672
-80.5328,37.3672
-80.5328,37.3672
-80.5328,37.3672
-80.5328,37.3672
-80.5328,37.3672
-80.5328,37.3672
-80.5328,37.3672
-80.5328,37.3672
-80.5328,37.3672
-80.5328,37.3672
-80.5328,37.3672
-80.5328,37.3672
-80.5328,37.3672
-80.5328,37.3672
-80.5328,37.3672
-80.5328,37.3672
-80.5328,37.3672
-80.5328,37.3672
-80.5328,37.3672
-80.5328,37.3672
-80.5328,37.3672
-80.5328,37.3672
-80.5328,37.3672
-80.5328,37.3672
-80.5328,37.3672
-80.5328,37.3672
-80.5328,37.3672
-80.5328,37.3672
-80.5328,37.3672
-80.5328,37.3672
-80.5328,37.3672
-80.5328,37.3672
-80.5328,37.3672
-80.5328,37.3672
-80.5328,37.3672
-80.5328,37.3672
-80.5328,37.3672
-80.5328,37.3672
-80.5328,37.3672
-80.5328,37.3672
-80.5328,37.3672
-80.5328,37.3672
-80.5328,37.3672
-80.5328,37.3672
-80.5328,37.3672
-80.5328,37.3672
-80.5328,37.3672
-80.5328,37.3672
-80.5328,37.3672
-80.5328,37.3672
-80.5328,37.3672
-80.5328,37.3672
-80.5328,37.3672
-80.5328,37.3672
-80.5328,37.3672
-80.5328,37.3672
-80.5328,37.3672
-80.5328,37.3672
-80.5328,37.3672
-80.5328,37.3672
-80.5328,37.3672
-80.5328,37.3672
-80.5328,37.3672
-80.5328,37.3672
-80.5328,37.3672
-80.5328,37.3672
-80.5328,37.3672
-80.5328,37.3672
-80.5328,37.3672
-80.5328,37.3672
-80.5328,37.3672
-80.5328,37.3672
-80.5328,37.3672
-80.5328,37.3672
-80.5328,37.3672
-80.5328,37.3672
-80.5328,37.3672
-80.5328,37.3672
-80.5328,37.3672
-80.5328,37.3672
-80.5328,37.3672
-80.5328,37.3672
-80.5328,37.3672
-80.5328,37.3672
-80.5328,37.3672
-80.5328,37.3672
-80.5328,37.3672
-80.5328,37.3672
-80.5328,37.3672
-80.5328,37.3672
-80.5328,37.3672
-80.5328,37.3672
-80.5328,37.3672
-80.5328,37.3672
-80.5328,37.3672
-80.5328,37.3672
-80.5328,37.3672
-80.5328,37.3672
-80.5328,37.3672
-80.5328,37.3672
-80.5328,37.3672
-80.5328,37.3672
-80.5328,37.3672
-80.5328,37.3672
-80.5328,37.3672
-80.5328,37.3672
-80.5328,37.3672
-80.5328,37.3672
-80.5328,37.3672
-80.5328,37.3672
-80.5328,37.3672
-80.5328,37.3672
-80.5328,37.3672
-80.5328,37.3672
-80.5328,37.3672
-80.5328,37.3672
-80.5328,37.3672
-80.5328,37.3672
-80.5328,37.3672
-80.5328,37.3672
-80.5328,37.3672
-80.5328,37.3672
-80.5328,37.3672
-80.5328,37.3672
-80.5328,37.3672
-80.5328,37.3672
-80.5328,37.3672
-80.5328,37.3672
-80.5328,37.3672
-80.5328,37.3672
-80.5328,37.3672
-80.5328,37.3672
-80.5328,37.3672
-80.5328,37.3672
-80.5328,37.3672
-80.5328,37.3672
-80.5328,37.3672
-80.5328,37.3672
-80.5328,37.3672
-80.5328,37.3672
-80.5328,37.3672
-80.5328,37.3672
-80.5328,37.3672
-80.5328,37.3672
-80.5328,37.3672
-80.5328,37.3672
-80.5328,37.3672
-80.5328,37.3672
-80.5328,37.3672
-80.5328,37.3672
-80.5328,37.3672
-80.5328,37.3672
-80.5328,37.3672
-80.5328,37.3672
-80.5328,37.3672
-80.5328,37.3672
-80.5328,37.3672
-80.5328,37.3672
-80.5328,37.3672
-80.5328,37.3672
-80.5328,37.3672
-80.5328,37.3672
-80.5328,37.3672
-80.5328,37.3672
-80.5328,37.3672
-80.5328,37.3672
-80.5328,37.3672
-80.5328,37.3672
-80.5328,37.3672
-80.5328,37.3672
-80.5328,37.3672
-80.5328,37.3672
-80.5328,37.3672
-80.5328,37.3672
-80.5328,37.3672
-80.5328,37.3672
-80.5328,37.3672
-80.5328,37.3672
-80.5328,37.3672
-80.5328,37.3672
-80.5328,37.3672
-80.5328,37.3672
-80.5328,37.3672
-80.5328,37.3672
-80.5328,37.3672
-80.5328,37.3672
-80.5328,37.3672
-80.5328,37.3672
-80.5328,37.3672
-80.5328,37.3672
-80.5328,37.3672
-80.5328,37.3672
-80.5328,37.3672
-80.5328,37.3672
-80.5328,37.3672
-80.5328,37.3672
-80.5328,37.3672
-80.5328,37.3672
-80.5328,37.3672
-80.5328,37.3672
-80.5328,37.3672
-80.5328,37.3672
-80.5228,37.4122
-80.5228,37.4122
-80.5228,37.4122
-80.5228,37.4122
-80.5228,37.4122
-80.5228,37.4122
-80.5228,37.4122
-80.5228,37.4122
-80.5228,37.4122
-80.5228,37.4122
-80.5228,37.4122
-80.5228,37.4122
-80.5228,37.4122
-80.5228,37.4122
-80.5228,37.4122
-80.5228,37.4122
-80.5228,37.4122
-80.5228,37.4122
-80.5228,37.4122
-80.5228,37.4122
-80.5228,37.4122
-80.5047,37.4228
-80.5047,37.4228
-80.5047,37.4228
-80.5047,37.4228
-80.5047,37.4228
-80.5047,37.4228
-80.5047,37.4228
-80.5047,37.4228
-80.5047,37.4228
-80.5047,37.4228
-80.5047,37.4228
-80.5047,37.4228
-80.5047,37.4228
-80.5047,37.4228
-80.5047,37.4228
-80.5047,37.4228
-80.5047,37.4228
-80.5047,37.4228
-80.5047,37.4228
-80.5047,37.4228
-80.5047,37.4228
-80.5047,37.4228
-80.5047,37.4228
-80.5047,37.4228
-80.5047,37.4228
-80.5047,37.4228
-80.5047,37.4228
-80.5047,37.4228
-80.5047,37.4228
-80.5047,37.4228
-80.5047,37.4228
-80.5047,37.4228
-80.5047,37.4228
-80.5047,37.4228
-80.5047,37.4228
-80.5047,37.4228
-80.5047,37.4228
-80.5047,37.4228
-80.5047,37.4228
-80.5047,37.4228
-80.5047,37.4228
-80.5047,37.4228
-80.5047,37.4228
-80.5047,37.4228
-80.5047,37.4228
-80.5047,37.4228
-80.5047,37.4228
-80.5047,37.4228
-80.5047,37.4228
-80.5047,37.4228
-80.5047,37.4228
-80.5047,37.4228
-80.5047,37.4228
-80.5047,37.4228
-80.5047,37.4228
-80.5047,37.4228
-80.5047,37.4228
-80.5047,37.4228
-80.5047,37.4228
-80.5047,37.4228
-80.5047,37.4228
-80.5047,37.4228
-80.5047,37.4228
-80.5047,37.4228
-80.5047,37.4228
-80.5047,37.4228
-80.5047,37.4228
-80.5047,37.4228
-80.5047,37.4228
-80.5047,37.4228
-80.5047,37.4228
-80.5047,37.4228
-80.5047,37.4228
-80.5047,37.4228
-80.5047,37.4228
-80.5047,37.4228
-80.5047,37.4228
-80.5047,37.4228
-80.5047,37.4228
-80.5047,37.4228
-80.5047,37.4228
-80.5047,37.4228
-80.5047,37.4228
-80.5047,37.4228
-80.5047,37.4228
-80.5047,37.4228
-80.5047,37.4228
-80.5047,37.4228
-80.5047,37.4228
-80.5047,37.4228
-80.5047,37.4228
-80.5047,37.4228
-80.5047,37.4228
-80.5047,37.4228
-80.5047,37.4228
-80.5047,37.4228
-80.5047,37.4228
-80.5047,37.4228
-80.5047,37.4228
-80.5047,37.4228
-80.5047,37.4228
-80.5047,37.4228
-80.5047,37.4228
-80.5047,37.4228
-80.5047,37.4228
-80.5047,37.4228
-80.5047,37.4228
-80.5047,37.4228
-80.5047,37.4228
-80.5047,37.4228
-80.5047,37.4228
-80.5047,37.4228
-80.5047,37.4228
-80.5047,37.4228
-80.5047,37.4228
-80.5047,37.4228
-80.5047,37.4228
-80.5047,37.4228
-80.5047,37.4228
-80.5047,37.4228
-80.5047,37.4228
-80.5047,37.4228
-80.5047,37.4228
-80.5047,37.4228
-80.5047,37.4228
-80.5047,37.4228
-80.5047,37.4228
-80.5047,37.4228
-80.5047,37.4228
-80.5047,37.4228
-80.5047,37.4228
-80.5047,37.4228
-80.5047,37.4228
-80.5047,37.4228
-80.5047,37.4228
-80.5047,37.4228
-80.5047,37.4228
-80.5047,37.4228
-80.5047,37.4228
-80.5047,37.4228
-80.5047,37.4228
-80.5047,37.4228
-80.5047,37.4228
-80.5047,37.4228
-80.5047,37.4228
-80.5047,37.4228
-80.5047,37.4228
-80.5047,37.4228
-80.5047,37.4228
-80.5047,37.4228
-80.5047,37.4228
-80.5047,37.4228
-80.5047,37.4228
-80.5047,37.4228
-80.5047,37.4228
-80.5047,37.4228
-80.5047,37.4228
-80.5047,37.4228
-80.5047,37.4228
-80.5047,37.4228
-80.5047,37.4228
-80.5047,37.4228
-80.5047,37.4228
-80.5047,37.4228
-80.5047,37.4228
-80.5047,37.4228
-80.5047,37.4228
-80.5047,37.4228
-80.5047,37.4228
-80.5047,37.4228
-80.5047,37.4228
-80.5047,37.4228
-80.5047,37.4228
-80.5047,37.4228
-80.5047,37.4228
-80.5047,37.4228
-80.5047,37.4228
-80.5047,37.4228
-80.5047,37.4228
-80.5047,37.4228
-80.5047,37.4228
-80.5047,37.4228
-80.5047,37.4228
-80.5047,37.4228
-80.5047,37.4228
-80.5047,37.4228
-80.5047,37.4228
-80.5047,37.4228
-80.505,37.4172
-80.505,37.4172
-80.505,37.4172
-80.505,37.4172
-80.505,37.4172
-80.505,37.4172
-80.505,37.4172
-80.505,37.4172
-80.505,37.4172
-80.505,37.4172
-80.505,37.4172
-80.505,37.4172
-80.505,37.4172
-80.505,37.4172
-80.505,37.4172
-80.505,37.4172
-80.505,37.4172
-80.505,37.4172
-80.505,37.4172
-80.505,37.4172
-80.505,37.4172
-80.505,37.4172
-80.505,37.4172
-80.505,37.4172
-80.505,37.4172
-80.505,37.4172
-80.505,37.4172
-80.505,37.4172
-80.505,37.4172
-80.505,37.4172
-80.505,37.4172
-80.505,37.4172
-80.505,37.4172
-80.505,37.4172
-80.505,37.4172
-80.505,37.4172
-80.505,37.4172
-80.505,37.4172
-80.505,37.4172
-80.505,37.4172
-80.505,37.4172
-80.505,37.4172
-80.505,37.4172
-80.505,37.4172
-80.505,37.4172
-80.505,37.4172
-80.505,37.4172
-80.505,37.4172
-80.505,37.4172
-80.505,37.4172
-80.505,37.4172
-80.505,37.4172
-80.505,37.4172
-80.505,37.4172
-80.505,37.4172
-80.505,37.4172
-80.505,37.4172
-80.505,37.4172
-80.505,37.4172
-80.505,37.4172
-80.505,37.4172
-80.505,37.4172
-80.505,37.4172
-80.505,37.4172
-80.505,37.4172
-80.505,37.4172
-80.505,37.4172
-80.505,37.4172
-80.505,37.4172
-80.505,37.4172
-80.505,37.4172
-80.505,37.4172
-80.505,37.4172
-80.505,37.4172
-80.505,37.4172
-80.505,37.4172
-80.505,37.4172
-80.505,37.4172
-80.505,37.4172
-80.505,37.4172
-80.505,37.4172
-80.505,37.4172
-80.505,37.4172
-80.505,37.4172
-80.505,37.4172
-80.505,37.4172
-80.505,37.4172
-80.505,37.4172
-80.505,37.4172
-80.505,37.4172
-80.505,37.4172
-80.505,37.4172
-80.505,37.4172
-80.505,37.4172
-80.505,37.4172
-80.505,37.4172
-80.505,37.4172
-80.505,37.4172
-80.505,37.4172
-80.505,37.4172
-80.505,37.4172
-80.505,37.4172
-80.505,37.4172
-80.505,37.4172
-80.505,37.4172
-80.505,37.4172
-80.505,37.4172
-80.505,37.4172
-80.505,37.4172
-80.505,37.4172
-80.505,37.4172
-80.505,37.4172
-80.505,37.4172
-80.505,37.4172
-80.505,37.4172
-80.505,37.4172
-80.505,37.4172
-80.505,37.4172
-80.505,37.4172
-80.505,37.4172
-80.505,37.4172
-80.505,37.4172
-80.505,37.4172
-80.505,37.4172
-80.505,37.4172
-80.505,37.4172
-80.505,37.4172
-80.505,37.4172
-80.505,37.4172
-80.505,37.4172
-80.505,37.4172
-80.505,37.4172
-80.505,37.4172
-80.505,37.4172
-80.505,37.4172
-80.505,37.4172
-80.505,37.4172
-80.505,37.4172
-80.505,37.4172
-80.505,37.4172
-80.505,37.4172
-80.505,37.4172
-80.505,37.4172
-80.505,37.4172
-80.505,37.4172
-80.505,37.4172
-80.505,37.4172
-80.505,37.4172
-80.505,37.4172
-80.505,37.4172
-80.505,37.4172
-80.505,37.4172
-80.505,37.4172
-80.505,37.4172
-80.505,37.4172
-80.505,37.4172
-80.505,37.4172
-80.505,37.4172
-80.505,37.4172
-80.505,37.4172
-80.505,37.4172
-80.505,37.4172
-80.505,37.4172
-80.505,37.4172
-80.505,37.4172
-80.505,37.4172
-80.5028,37.4172
-80.5028,37.4172
-80.5028,37.4172
-80.5028,37.4172
-80.5028,37.4172
-80.5028,37.4172
-80.5028,37.4172
-80.5028,37.4172
-80.5028,37.4172
-80.5028,37.4172
-80.5028,37.4172
-80.5028,37.4172
-80.5028,37.4172
-80.5028,37.4172
-80.5028,37.4172
-80.5028,37.4172
-80.5028,37.4172
-80.5028,37.4172
-80.5028,37.4172
-80.5028,37.4172
-80.5028,37.4172
-80.5028,37.4172
-80.5028,37.4172
-80.5028,37.4172
-80.5028,37.4172
-80.5028,37.4172
-80.5028,37.4172
-80.5028,37.4172
-80.5028,37.4172
-80.5028,37.4172
-80.5028,37.4172
-80.5028,37.4172
-80.5028,37.4172
-80.5028,37.4172
-80.5028,37.4172
-80.5028,37.4172
-80.5028,37.4172
-80.5028,37.4172
-80.5028,37.4172
-80.5028,37.4172
-80.5028,37.4172
-80.5028,37.4172
-80.5028,37.4172
-80.5028,37.4172
-80.5028,37.4172
-80.5028,37.4172
-80.5028,37.4172
-80.5028,37.4172
-80.5028,37.4172
-80.5028,37.4172
-80.5028,37.4172
-80.5028,37.4172
-80.5028,37.4172
-80.5028,37.4172
-80.5028,37.4172
-80.5028,37.4172
-80.5028,37.4172
-80.5028,37.4172
-80.5028,37.4172
-80.5028,37.4172
-80.5028,37.4172
-80.5028,37.4172
-80.5028,37.4172
-80.5028,37.4172
-80.5028,37.4172
-80.5028,37.4172
-80.5028,37.4172
-80.5028,37.4172
-80.5028,37.4172
-80.5028,37.4172
-80.5028,37.4172
-80.5028,37.4172
-80.5028,37.4172
-80.5028,37.4172
-80.5028,37.4172
-80.5028,37.4172
-80.5028,37.4172
-80.5028,37.4172
-80.5028,37.4172
-80.5028,37.4172
-80.5028,37.4172
-80.5028,37.4172
-80.5028,37.4172
-80.5028,37.4172
-80.5028,37.4172
-80.5028,37.4172
-80.5028,37.4172
-80.5028,37.4172
-80.5028,37.4172
-80.5028,37.4172
-80.5028,37.4172
-80.5028,37.4172
-80.5028,37.4172
-80.5028,37.4172
-80.5028,37.4172
-80.5028,37.4172
-80.5028,37.4172
-80.5028,37.4172
-80.5028,37.4172
-80.5028,37.4172
-80.5028,37.4172
-80.5028,37.4172
-80.5028,37.4172
-80.5028,37.4172
-80.5028,37.4172
-80.5028,37.4172
-80.5028,37.4172
-80.5028,37.4172
-80.5028,37.4172
-80.5028,37.4172
-80.5436,37.4628
-80.5436,37.4628
-80.5436,37.4628
-80.5436,37.4628
-80.5436,37.4628
-80.5436,37.4628
-80.5436,37.4628
-80.5436,37.4628
-80.5436,37.4628
-80.5436,37.4628
-80.5436,37.4628
-80.5436,37.4628
-80.5436,37.4628
-80.5436,37.4628
-80.5436,37.4628
-80.5436,37.4628
-80.5436,37.4628
-80.5436,37.4628
-80.5436,37.4628
-80.5436,37.4628
-80.5436,37.4628
-80.5436,37.4628
-80.5436,37.4628
-80.5436,37.4628
-80.5436,37.4628
-80.5436,37.4628
-80.5244,37.3742
-80.5097,37.4161
-80.5097,37.4161
-80.5097,37.4161
-80.5097,37.4161
-80.505,37.4172
-80.5253,37.3719
-80.5253,37.3719
-80.5253,37.3719
-80.5253,37.3719
-80.5253,37.3719
-80.5253,37.3719
-80.5253,37.3719
-80.5253,37.3719
-80.5253,37.3719
-80.5253,37.3719
-80.5253,37.3719
-80.5253,37.3719
-80.5253,37.3719
-80.5253,37.3719
-80.5253,37.3719
-80.5253,37.3719
-80.5253,37.3719
-80.5253,37.3719
-80.5253,37.3719
-80.5253,37.3719
-80.5253,37.3719
-80.5253,37.3719
-80.5253,37.3719
-80.5253,37.3719
-80.5253,37.3719
-80.5253,37.3719
-80.5253,37.3719
-80.5253,37.3719
-80.5253,37.3719
-80.5253,37.3719
-80.5253,37.3719
-80.5253,37.3719
-80.5253,37.3719
-80.5253,37.3719
-80.5253,37.3719
-80.5253,37.3719
-80.5253,37.3719
-80.5253,37.3719
-80.5253,37.3719
-80.5253,37.3719
-80.5253,37.3719
-80.5253,37.3719
-80.5253,37.3719
-80.5253,37.3719
-80.5253,37.3719
-80.5253,37.3719
-80.5253,37.3719
-80.5253,37.3719
-80.5253,37.3719
-80.5253,37.3719
-80.5253,37.3719
-80.5253,37.3719
-80.5253,37.3719
-80.5253,37.3719
-80.5253,37.3719
-80.5253,37.3719
-80.5253,37.3719
-80.5253,37.3719
-80.5253,37.3719
-80.5253,37.3719
-80.5253,37.3719
-80.5253,37.3719
-80.5253,37.3719
-80.5253,37.3719
-80.5253,37.3719
-80.5253,37.3719
-80.5253,37.3719
-80.5253,37.3719
-80.5253,37.3719
-80.5253,37.3719
-80.5253,37.3719
-80.5253,37.3719
-80.5253,37.3719
-80.5253,37.3719
-80.5253,37.3719
-80.5253,37.3719
-80.5253,37.3719
-80.5253,37.3719
-80.5253,37.3719
-80.5253,37.3719
-80.5253,37.3719
-80.5253,37.3719
-80.5253,37.3719
-80.5253,37.3719
-80.5253,37.3719
-80.5253,37.3719
-80.5253,37.3719
-80.5253,37.3719
-80.5253,37.3719
-80.5253,37.3719
-80.5253,37.3719
-80.5253,37.3719
-80.5253,37.3719
-80.5253,37.3719
-80.5253,37.3719
-80.5253,37.3719
-80.5253,37.3719
-80.5253,37.3719
-80.5253,37.3719
-80.5253,37.3719
-80.5253,37.3719
-80.5253,37.3719
-80.5253,37.3719
-80.5253,37.3719
-80.5253,37.3719
-80.5253,37.3719
-80.5253,37.3719
-80.5253,37.3719
-80.5253,37.3719
-80.5253,37.3719
-80.5253,37.3719
-80.5253,37.3719
-80.5253,37.3719
-80.5253,37.3719
-80.5253,37.3719
-80.5253,37.3719
-80.5253,37.3719
-80.5253,37.3719
-80.5253,37.3719
-80.5253,37.3719
-80.5253,37.3719
-80.5253,37.3719
-80.5253,37.3719
-80.5253,37.3719
-80.5253,37.3719
-80.5253,37.3719
-80.5253,37.3719
-80.5253,37.3719
-80.5253,37.3719
-80.5253,37.3719
-80.5253,37.3719
-80.5253,37.3719
-80.5253,37.3719
-80.5253,37.3719
-80.5253,37.3719
-80.5253,37.3719
-80.5253,37.3719
-80.5253,37.3719
-80.5253,37.3719
-80.5253,37.3719
-80.5253,37.3719
-80.5253,37.3719
-80.5253,37.3719
-80.5253,37.3719
-80.5253,37.3719
-80.5253,37.3719
-80.5253,37.3719
-80.5253,37.3719
-80.5253,37.3719
-80.5253,37.3719
-80.5253,37.3719
-80.5253,37.3719
-80.5253,37.3719
-80.5253,37.3719
-80.5253,37.3719
-80.5253,37.3719
-80.5253,37.3719
-80.5253,37.3719
-80.5253,37.3719
-80.5253,37.3719
-80.5253,37.3719
-80.5253,37.3719
-80.5253,37.3719
-80.5253,37.3719
-80.5253,37.3719
-80.5253,37.3719
-80.5253,37.3719
-80.5253,37.3719
-80.5253,37.3719
-80.5253,37.3719
-80.5253,37.3719
-80.5253,37.3719
-80.5253,37.3719
-80.5253,37.3719
-80.5253,37.3719
-80.5253,37.3719
-80.5253,37.3719
-80.5253,37.3719
-80.5253,37.3719
-80.5253,37.3719
-80.5253,37.3719
-80.5253,37.3719
-80.5253,37.3719
-80.5253,37.3719
-80.5253,37.3719
-80.5253,37.3719
-80.5253,37.3719
-80.5253,37.3719
-80.5253,37.3719
-80.5253,37.3719
-80.5253,37.3719
-80.5253,37.3719
-80.5253,37.3719
-80.5253,37.3719
-80.5253,37.3719
-80.5253,37.3719
-80.5253,37.3719
-80.7736,37.2717
-80.7736,37.2717
-80.7736,37.2717
-80.7736,37.2717
-80.7736,37.2717
-80.7736,37.2717
-80.7736,37.2717
-80.7736,37.2717
-80.7736,37.2717
-80.7736,37.2717
-80.7736,37.2717
-80.7736,37.2717
-80.7736,37.2717
-80.7736,37.2717
-80.7736,37.2717
-80.7736,37.2717
-80.7736,37.2717
-80.7736,37.2717
-80.7736,37.2717
-80.7736,37.2717
-80.7736,37.2717
-80.7736,37.2717
-80.7736,37.2717
-80.7736,37.2717
-80.7736,37.2717
-80.8475,37.1875
-80.8475,37.1875
-80.8475,37.1875
-80.8475,37.1875
-80.8475,37.1875
-80.8475,37.1875
-80.8475,37.1875
-80.8475,37.1875
-80.8475,37.1875
-80.8475,37.1875
-80.8475,37.1875
-80.8475,37.1875
-80.8475,37.1875
-80.8475,37.1875
-80.8475,37.1875
-80.8475,37.1875
-80.8475,37.1875
-80.8475,37.1875
-80.8475,37.1875
-80.8475,37.1875
-80.8475,37.1875
-80.8475,37.1875
-80.8475,37.1875
-80.8475,37.1875
-80.8475,37.1875
-80.8475,37.1875
-80.8475,37.1875
-80.8475,37.1875
-80.8475,37.1875
-80.8475,37.1875
-80.8475,37.1875
-80.8414,37.2686
-80.8414,37.2686
-80.8619,37.2569
-80.8619,37.2569
-80.8781,37.2531
-80.8781,37.2531
-80.8611,37.2739
-80.8611,37.2739
-80.8611,37.2739
-80.8611,37.2739
-80.8611,37.2739
-80.8611,37.2739